<?xml version="1.0" encoding="UTF-8"?>
<beans xmlns="http://www.springframework.org/schema/beans"
	xmlns:xsi="http://www.w3.org/2001/XMLSchema-instance"
	xmlns:aop="http://www.springframework.org/schema/aop"
	xmlns:context="http://www.springframework.org/schema/context"
	xmlns:jdbc="http://www.springframework.org/schema/jdbc"
	xmlns:mybatis-spring="http://mybatis.org/schema/mybatis-spring"
	xsi:schemaLocation="http://www.springframework.org/schema/jdbc http://www.springframework.org/schema/jdbc/spring-jdbc-4.3.xsd
		http://mybatis.org/schema/mybatis-spring http://mybatis.org/schema/mybatis-spring-1.2.xsd
		http://www.springframework.org/schema/beans https://www.springframework.org/schema/beans/spring-beans.xsd
		http://www.springframework.org/schema/context http://www.springframework.org/schema/context/spring-context-4.3.xsd
		http://www.springframework.org/schema/aop http://www.springframework.org/schema/aop/spring-aop-4.3.xsd">
	
	<!-- Root Context: defines shared resources visible to all other web components -->
	<bean id="dataSource"
      class="org.springframework.jdbc.datasource.DriverManagerDataSource">
	    <!-- MySQL 버전에 따라 driverClassName의 value값이 달라짐 아래 코드는 Mysql 8기준 -->
	    <property name="driverClassName" value="com.mysql.jdbc.Driver"></property>
	    <!-- MySQL 버전이 6인 경우 아래 코드 반영 -->
	    <!-- <property name="driverClassName" value="com.mysql.cj.jdbc.Driver"></property> -->
	    <property name="url"
	              value="jdbc:mysql://localhost:3306/my_trip_site?useSSL=false&amp;serverTimezone=Asia/Seoul">
	    </property>
	    <property name="username" value="root"></property>
	    <property name="password" value="cjgreen"></property>
	</bean>
	
	<!-- Mappers -->
	<bean id="sqlSessionFactory" class="org.mybatis.spring.SqlSessionFactoryBean">
	    <property name="dataSource" ref="dataSource" />
	    <property name="mapperLocations" value="classpath:mappers/**/*Mapper.xml"></property>
	</bean>
	<mybatis-spring:scan base-package="kr.green.mytrip.dao"/>
	
	<!-- mail -->
	<bean id="mailSender" class="org.springframework.mail.javamail.JavaMailSenderImpl">
    <property name="host" value="smtp.gmail.com" />
    <property name="port" value="587" />
    <property name="username" value="goodaybefore@gmail.com" />
    <property name="password" value="njfdnngkbvfumlto" />
    <property name="javaMailProperties">
      <props>
        <prop key="mail.transport.protocol">smtp</prop>
        <prop key="mail.smtp.auth">true</prop>
        <prop key="mail.smtp.starttls.enable">true</prop>
        <prop key="mail.debug">true</prop>
        <prop key="mail.smtp.ssl.trust">smtp.gmail.com</prop>
				<prop key="mail.smtp.ssl.protocols">TLSv1.2</prop>
      </props>
    </property>
	</bean>

</beans>
