<?xml version="1.0" encoding="UTF-8"?>
<!DOCTYPE tiles-definitions PUBLIC
       "-//Apache Software Foundation//DTD Tiles Configuration 3.0//EN"
       "http://tiles.apache.org/dtds/tiles-config_3_0.dtd">
 
<tiles-definitions>
 
    <!-- 레이아웃을 적용하는화면 -->
    <definition name=".root" template="/WEB-INF/views/layout/baseLayout.jsp">
	      <put-attribute name="header" value="/WEB-INF/views/common/header.jsp" />
	      <put-attribute name="sidebar" value="/WEB-INF/views/common/sidebar.jsp" />    
	      <put-attribute name="footer" value="/WEB-INF/views/common/footer.jsp" />
    </definition>
    
    <definition name="/*/*" extends=".root">      
	   	<put-attribute name="body" value="/WEB-INF/views/{1}/{2}.jsp" />
	  </definition>
	   
   
   
</tiles-definitions>

