<?xml version="1.0" encoding="UTF-8"?>
<beans:beans xmlns="http://www.springframework.org/schema/mvc"
	xmlns:xsi="http://www.w3.org/2001/XMLSchema-instance"
	xmlns:beans="http://www.springframework.org/schema/beans"
	xmlns:context="http://www.springframework.org/schema/context"
	xmlns:aop="http://www.springframework.org/schema/aop"
	xmlns:mybatis-spring="http://mybatis.org/schema/mybatis-spring"
	xsi:schemaLocation="http://www.springframework.org/schema/mvc https://www.springframework.org/schema/mvc/spring-mvc.xsd
		http://mybatis.org/schema/mybatis-spring http://mybatis.org/schema/mybatis-spring-1.2.xsd
		http://www.springframework.org/schema/beans https://www.springframework.org/schema/beans/spring-beans.xsd
		http://www.springframework.org/schema/context https://www.springframework.org/schema/context/spring-context.xsd
		http://www.springframework.org/schema/aop http://www.springframework.org/schema/aop/spring-aop-4.3.xsd">

	<!-- DispatcherServlet Context: defines this servlet's request-processing infrastructure -->
	
	<!-- Enables the Spring MVC @Controller programming model -->
	<annotation-driven />

	<!-- Handles HTTP GET requests for /resources/** by efficiently serving up static resources in the ${webappRoot}/resources directory -->
	<resources mapping="/resources/**" location="/resources/" />
	<!-- 이미지 src에 mapping된 경로가 추가되면 location값부터 경로를 찾아가거라 -->
	<resources mapping="/img/**" location="file:///E:/2021/" />
	
	<!-- Resolves views selected for rendering by @Controllers to .jsp resources in the /WEB-INF/views directory -->
	<beans:bean class="org.springframework.web.servlet.view.InternalResourceViewResolver">
		<beans:property name="prefix" value="/WEB-INF/views/" />
		<beans:property name="suffix" value=".jsp" />
		
		
	</beans:bean>
	
	<context:component-scan base-package="kr.green.mytrip.*" />
	
	<!-- 타일즈 tiles -->
	<beans:bean id="tilesViewResolver" class="org.springframework.web.servlet.view.UrlBasedViewResolver">
	    <beans:property name="viewClass" value="org.springframework.web.servlet.view.tiles3.TilesView" />
	    <beans:property name="order" value="1" />
	</beans:bean>
	     
	<beans:bean id="tilesConfigurer" class="org.springframework.web.servlet.view.tiles3.TilesConfigurer">
	    <beans:property name="definitions">
	        <beans:list>
	            <beans:value>/WEB-INF/spring/tiles-def.xml</beans:value>
	        </beans:list>
	    </beans:property>
	</beans:bean>
	
	<!-- session(login) Interceptor -->
	<beans:bean id="loginSessionInterceptor" 
	class="kr.green.mytrip.interceptor.LoginSessionInterceptor"></beans:bean>
	
	<!-- guest Interceptor -->
	<beans:bean id="guestInterceptor" 
	class="kr.green.mytrip.interceptor.GuestInterceptor"></beans:bean>
	
	<!-- member Interceptor -->
	<beans:bean id="memberInterceptor" 
	class="kr.green.mytrip.interceptor.MemberInterceptor"></beans:bean>
	
	<!-- menu Interceptor -->
	<beans:bean id="menuSessionInterceptor" 
	class="kr.green.mytrip.interceptor.MenuSessionInterceptor"></beans:bean>
	
	<!-- 세션유지 -->
	<interceptors>
	    <interceptor>
	        <mapping path="/login"/>
	        <mapping path="/guestLogin"/>
	        <beans:ref bean="loginSessionInterceptor"/>
	    </interceptor>
	</interceptors>
	<!-- 세션유지 -->
	<interceptors>
	    <interceptor>
	        <mapping path="/spot/**"/>
	        <mapping path="/board/**"/>
	        <mapping path="/mypage"/>
	        <beans:ref bean="menuSessionInterceptor"/>
	    </interceptor>
	</interceptors>
	
	
	<!-- 비로그인회원만 접근 가능한 곳 -->
	<interceptors>
	    <interceptor>
	        <mapping path="/signup"/>
	        <beans:ref bean="guestInterceptor"/>
	    </interceptor>
	</interceptors>
	
	<!-- member만 접근 가능한 곳 -->
	<interceptors>
	    <interceptor>
	        <mapping path="/spot/*/tripRegister"/>
	        <mapping path="/spot/*/tripDelete"/>
	        <mapping path="/spot/*/tripModify"/>
	        <mapping path="/spot/*/activityReg"/>
	        <mapping path="/spot/*/activityMod"/>
	        <mapping path="/spot/*/activityDel"/>
	        <mapping path="/mypage"/>
	        <beans:ref bean="memberInterceptor"/>
	    </interceptor>
	</interceptors>
	
	<!-- 파일업로드 -->
	<beans:bean id="multipartResolver" class="org.springframework.web.multipart.commons.CommonsMultipartResolver">
	    <!-- 업로드 최대 크기 10Mb -->
	    <beans:property name="maxUploadSize" value="52428800"></beans:property>
	</beans:bean>
</beans:beans>
