<?xml version="1.0" encoding="UTF-8" ?>
<!DOCTYPE mapper
  PUBLIC "-//mybatis.org//DTD Mapper 3.0//EN"
  "http://mybatis.org/dtd/mybatis-3-mapper.dtd">
<mapper namespace="kr.green.mytrip.dao.MemberDAO">
	
	<select id="selectMember" resultType="kr.green.mytrip.vo.MemberVO">
		SELECT * FROM member
		WHERE
			me_id = #{me_id};
	</select>
	
	<insert id="insertMember">
		INSERT INTO member (me_id, me_pw, me_name, me_gender, me_phone, me_email, me_birth, me_gr_name, me_op_name)
		VALUES (
			#{user.me_id}, #{user.me_pw}, #{user.me_name}, #{user.me_gender}, #{user.me_phone},
			#{user.me_email}, #{user.me_birth}, #{user.me_gr_name}, #{user.me_op_name}
		);
	</insert>
	
	<insert id="insertDefaultMenu">
		INSERT INTO spot_menu (sm_me_id, sm_name)
		VALUES (
			#{menu.sm_me_id}, #{menu.sm_name}
		);
	</insert>
	
	<select id="selectMenuList" resultType="kr.green.mytrip.vo.SpotMenuVO">
		SELECT * FROM spot_menu WHERE sm_me_id = #{userId};
	</select>
	
	
	<update id="mypageUpdate">
		UPDATE member
		SET
			me_nickname = #{input.me_nickname},
			me_pw = #{input.me_pw},
			me_intro = #{input.me_intro},
			me_op_name = #{input.me_op_name},
			me_phone = #{input.me_phone},
			me_email = #{input.me_email}
		WHERE
			me_id = #{input.me_id};
	</update>
	
	<update id="deleteProfile">
		UPDATE member
		SET
			me_photo = null,
			me_ori_photo_name = null
		WHERE
			me_id=#{me_id};
	</update>
	
	<update id="updateProfile">
		UPDATE member
		SET
			me_photo = #{photo.me_photo}
		WHERE
			me_id = #{photo.me_id};
	</update>
	
	<select id="selectMemberByEmail" resultType="kr.green.mytrip.vo.MemberVO">
		SELECT * FROM member
		WHERE me_email = #{member.me_email} AND me_name = #{member.me_name};
	</select>
	
	<update id="updateMember">
		UPDATE member
	  SET
	  	me_pw = #{user.me_pw},
	  	me_name = #{user.me_name},
	  	me_birth = #{user.me_birth},
	  	me_phone = #{user.me_phone},
	  	me_gr_name= #{user.me_gr_name}
	  WHERE
	  	me_id = #{user.me_id};
	</update>
	
	<select id="selectMenuCnt" resultType="Integer">
		SELECT COUNT(*) FROM spot_menu WHERE sm_me_id=#{user};
	</select>
	
	<insert id="insertSpotMenu">
		INSERT INTO spot_menu(
			sm_name, sm_me_id
		)VALUES(
			#{menu.sm_name}, #{menu.sm_me_id}
		)
	</insert>
	
	<update id="modifySpotMenu">
		UPDATE spot_menu
		SET
			sm_name = #{menu.sm_name}
		WHERE
			sm_num = #{menu.sm_num};
	</update>
	
	<delete id="deleteSpotMenu">
		DELETE FROM spot_menu
		WHERE sm_num = ${menu.sm_num};
	</delete>
	
</mapper>
