<?xml version="1.0" encoding="UTF-8" ?>
<!DOCTYPE mapper
  PUBLIC "-//mybatis.org//DTD Mapper 3.0//EN"
  "http://mybatis.org/dtd/mybatis-3-mapper.dtd">
<mapper namespace="kr.green.mytrip.dao.TripDAO">
	<select id="selectTripPoints" resultType="String">
		SELECT ac_address FROM activity
		WHERE ac_me_id = #{spot_user} AND ac_del='N'
		group by ac_tr_num;
	</select>
	
	<select id="selectMiddleCategory" resultType="kr.green.mytrip.vo.MiddleCategoryVO">
		SELECT * FROM middle_category WHERE mc_lc_num = #{lc_num};
	</select>
	
	<select id="selectSmallCategory" resultType="kr.green.mytrip.vo.SmallCategoryVO">
		SELECT * FROM small_category WHERE sc_mc_num = #{mc_num};
	</select>
	
	<insert id="insertTrip"
	useGeneratedKeys="true" keyProperty="trip.tr_num"
		parameterType="kr.green.mytrip.vo.TripVO">
		INSERT INTO trip(
			tr_me_id, tr_sm_num, tr_mca_name, tr_sca_name, tr_title, tr_start_date, tr_end_date, tr_op_name, tr_with
		)
		VALUES(
			#{trip.tr_me_id}, #{trip.tr_sm_num}, #{trip.tr_mca_name}, #{trip.tr_sca_name}, #{trip.tr_title}, #{trip.tr_start_date}, #{trip.tr_end_date}, #{trip.tr_op_name}, #{trip.tr_with}
		);
	</insert>
	
	<insert id="insertFile">
		INSERT INTO file(fi_ori_name, fi_name, fi_tr_num)
		VALUES (#{file.fi_ori_name}, #{file.fi_name}, #{file.fi_tr_num});
	</insert>
	
	<select id="selectTripListAll" resultType="kr.green.mytrip.vo.TripVO">
		SELECT * FROM trip
		WHERE tr_del='N'
		AND tr_sm_num = #{sm_num}
		AND tr_me_id = #{spot_user}
		ORDER BY tr_num DESC
		LIMIT #{cri.pageStart}, #{cri.perPageNum};
	</select>
	
	<select id="selectTripList" resultType="kr.green.mytrip.vo.TripVO">
		SELECT * FROM trip
		WHERE tr_del='N'
		AND tr_op_name = #{openRange}
		AND tr_sm_num = ${sm_num}
		AND tr_me_id = #{spot_user}
		ORDER BY tr_num DESC
		LIMIT #{cri.pageStart}, #{cri.perPageNum};
	</select>
	
	<select id="selectMiddleCategoryName" resultType="string">
		SELECT mc_name FROM middle_category WHERE mc_num = #{mc_num};
	</select>
	
	<select id="selectSmallCategoryName" resultType="string">
		SELECT sc_name FROM small_category WHERE sc_num = #{sc_num};
	</select>
	
	<select id="selectTotalTripCount" resultType="int">
		SELECT COUNT(*) FROM trip WHERE tr_del = 'N' AND tr_sm_num = #{sm_num};
	</select>
	
	<select id="selectTripDetail" resultType="kr.green.mytrip.vo.TripVO">
		SELECT * FROM trip
		WHERE tr_num = #{tr_num}
		AND (tr_op_name= "전체공개" OR tr_op_name="트립메이트공개" OR tr_op_name= "회원공개" OR tr_op_name= "비공개");
	</select>
	
	<select id="selectActivityAddressList" resultType="String">
		SELECT ac_address FROM activity WHERE ac_tr_num = #{tr_num} AND ac_address !='';
	</select>
	
	<select id="selectTotalActivityCount" resultType="int">
		SELECT COUNT(*) FROM activity
		WHERE ac_tr_num = #{tr_num} AND ac_del !='Y'
	</select>
	
	
	<select id="selectFileList" resultType="kr.green.mytrip.vo.FileVO">
		SELECT * FROM file WHERE fi_tr_num=#{tr_num} AND fi_del='N';
	</select>
	
	<select id="selectTrip" resultType="kr.green.mytrip.vo.TripVO">
	SELECT * FROM trip WHERE tr_num=#{tr_num};
	</select>
	
	<update id="deleteTrip">
		UPDATE trip
		SET
			tr_del = 'Y',
			del_date = now()
		WHERE tr_num = #{tr_num};
	</update>
	
	<update id="deleteTripActivity">
		UPDATE activity
		SET
			ac_del='Y',
			del_date = now()
		WHERE ac_tr_num = #{tr_num};
	</update>
	
	
	<update id="updateTrip">
		UPDATE trip
		SET tr_mca_name=#{trip.tr_mca_name}, tr_sca_name=#{trip.tr_sca_name},
			tr_title=#{trip.tr_title}, tr_start_date=#{trip.tr_start_date}, tr_end_date =#{trip.tr_end_date},
			tr_op_name =#{trip.tr_op_name}, tr_with = #{trip.tr_with}
		WHERE tr_num = #{trip.tr_num};
	</update>
	
	<insert id="insertChargeRecord">
		INSERT INTO charge_trip(
			ch_me_id, ch_amount, ch_tr_num, ch_date, ch_merchant_uid
		) VALUES(
			#{charged.ch_me_id}, #{charged.ch_amount}, #{charged.ch_tr_num}, now(), #{charged.ch_merchant_uid}
		);
	</insert>
	
	<select id="selectMemberInfo" resultType="kr.green.mytrip.vo.MemberVO">
		SELECT * FROM member WHERE me_id = #{me_id};
	</select>
	
	<select id="selectChargedRecord" resultType="kr.green.mytrip.vo.ChargeTripVO">
		SELECT * FROM charge_trip
		WHERE
			ch_me_id = #{me_id} AND ch_tr_num = #{tr_num};
	</select>
	
	<select id="selectMiddlecategoryNum" resultType="Integer">
		SELECT mc_num FROM middle_category WHERE mc_name = #{tr_mca_name};
	</select>
	
	<select id="selectSmallcategoryNum" resultType="Integer">
		SELECT sc_num FROM small_category WHERE sc_name = #{tr_sca_name};
	</select>
	
	<select id="selectActivityList" resultType="kr.green.mytrip.vo.ActivityVO">
		SELECT * FROM activity
		WHERE ac_tr_num = #{tr_num} AND ac_del !='Y'
		ORDER BY ac_num DESC
		LIMIT #{cri.pageStart}, #{cri.perPageNum};
	</select>
	
	<insert id="insertActivity"
		useGeneratedKeys="true" keyProperty="activity.ac_num"
		parameterType="kr.green.mytrip.vo.ActivityVO">
		INSERT into activity(
			ac_tr_num, ac_me_id, ac_title, ac_mca_name, ac_sca_name,
			ac_address, ac_address_detail, ac_start_date, ac_end_date,
			ac_contents, ac_with, ac_op_name, ac_del
		)VALUES(
			#{activity.ac_tr_num}, #{activity.ac_me_id}, #{activity.ac_title}, #{activity.ac_mca_name}, #{activity.ac_sca_name},
			#{activity.ac_address}, #{activity.ac_address_detail}, #{activity.ac_start_date}, #{activity.ac_end_date},
			#{activity.ac_contents}, #{activity.ac_with}, #{activity.ac_op_name}, 'N'
		);
	</insert>
	
	<select id="selectActivity" resultType="kr.green.mytrip.vo.ActivityVO">
		SELECT * FROM activity WHERE ac_num = #{ac_num};
	</select>
	
	<select id="selectSmNum" resultType="int">
		SELECT tr_sm_num FROM trip WHERE tr_num = #{tr_num};
	</select>
	
	<update id="updateActivity">
		UPDATE activity SET
			ac_tr_num = #{activity.ac_tr_num},
			ac_title = #{activity.ac_title},
			ac_me_id = #{activity.ac_me_id},
			ac_mca_name = #{activity.ac_mca_name},
			ac_sca_name = #{activity.ac_sca_name},
			ac_address = #{activity.ac_address},
			ac_address_detail = #{activity.ac_address_detail},
			ac_start_date = #{activity.ac_start_date},
			ac_end_date = #{activity.ac_end_date},
			ac_contents = #{activity.ac_contents},
			ac_op_name = #{activity.ac_op_name},
			ac_with =#{activity.ac_with} 
		WHERE
			ac_num = #{activity.ac_num};
		
	</update>
	
	<select id="selectActivityPhotoList" resultType="kr.green.mytrip.vo.ActivityPhotoVO">
		SELECT * FROM activity_photo WHERE ap_ac_num = #{ac_num};
	</select>
	
	<update id="deleteActivity">
		UPDATE activity
		SET
			ac_del = 'Y',
			del_date = now()
		WHERE ac_num = #{ac_num};
	</update>
	
	<insert id="insertActivityImgFile">
		INSERT INTO activity_photo(
			ap_ac_num, ap_name, ap_ori_name
		)
		VALUES(
			#{ap.ap_ac_num},#{ap.ap_name},#{ap.ap_ori_name}
		);
	</insert>
	<select id="selectCopyActList" resultType="kr.green.mytrip.vo.ActivityVO">
	SELECT * FROM activity WHERE ac_tr_num = #{tr_num};
	</select>
	
	<select id="selectUserMenu" resultType="kr.green.mytrip.vo.SpotMenuVO">
		SELECT * FROM spot_menu WHERE sm_me_id = #{me_id};
	</select>
</mapper>
